{"cameraMode":{"drawMode":0,"name":"Shaded","section":"Shading Mode"},"sceneLighting":true,"audioPlay":false,"sceneViewState":{"m_AlwaysRefresh":false,"showFog":true,"showSkybox":true,"showFlares":true,"showImageEffects":true,"showParticleSystems":true,"showVisualEffectGraphs":true,"m_FxEnabled":true},"in2DMode":false,"pivot":{"x":-2.3286514282226564,"y":0.7554721832275391,"z":-2.9532642364501955},"rotation":{"x":-0.06950501352548599,"y":0.908964991569519,"z":-0.16851337254047395,"w":-0.37490931153297427},"size":5.107395172119141,"orthographic":false}